id,x,y,n_items,demand_weight,product_types
0,340,371,8,419,226;183;6;220;299;280;12;42
1,163,320,1,45,163
2,201,331,2,88,192;81
3,257,290,10,702,270;305;111;37;219;111;96;290;377;113
4,115,512,8,508,169;146;397;263;342;275;18;26
5,154,147,4,362,372;165;338;43
6,188,326,6,255,55;398;299;392;179;215
7,210,180,7,590,49;76;205;364;55;388;219
8,92,216,3,169,41;26;16
9,135,190,5,216,385;243;184;83;289
10,254,201,6,367,300;272;298;367;10;121
11,198,328,1,22,230
12,193,254,12,867,35;53;86;71;347;172;130;54;127;204;30;281
13,259,211,7,409,66;26;200;398;355;375;296
14,211,211,13,1085,17;111;66;189;214;75;287;130;228;225;344;388;223
15,298,230,8,493,268;262;21;190;222;314;337;216
16,265,417,17,1179,203;150;241;307;129;205;160;122;75;305;220;35;54;338;61;391;179
17,241,301,4,437,75;15;10;195
18,252,200,2,78,344;397
19,143,286,7,306,109;164;276;300;278;337;233
20,264,236,13,974,395;21;326;15;96;186;394;100;392;124;15;80;221
21,56,257,4,228,84;211;199;186
22,180,348,9,742,373;300;153;362;173;64;159;43;201
23,299,391,13,738,121;224;82;201;80;144;162;328;53;127;73;51;342
24,273,402,3,146,114;126;161
25,123,358,7,354,208;241;198;247;255;397;270
26,293,238,3,181,21;105;36
27,252,275,12,875,239;243;356;8;308;190;381;343;322;317;108;375
28,91,246,9,537,300;78;244;362;52;56;286;163;303
29,203,228,4,325,224;388;89;227
30,228,120,3,132,67;380;44
31,134,204,3,149,86;139;144
32,125,215,4,217,41;70;375;104
33,230,335,16,1065,159;173;308;347;29;53;355;60;194;96;395;392;139;314;163;201
34,145,415,14,984,113;278;208;216;64;324;303;239;350;110;219;242;261;275
35,112,397,3,143,121;369;8
36,107,382,8,513,167;100;47;88;104;375;51;116
37,232,214,16,1131,261;15;182;195;376;81;273;168;136;193;391;306;66;282;375;303
38,273,229,2,103,363;384
39,227,250,17,954,299;220;52;309;267;119;278;129;313;205;214;31;163;139;338;232;179
40,357,359,5,412,38;51;66;332;114
41,189,225,4,207,287;389;56;236
42,262,427,8,493,268;115;257;210;132;108;324;338
43,109,272,2,109,242;50
44,243,306,3,141,370;218;179
45,194,232,9,635,100;160;50;382;50;370;360;60;336
46,48,289,2,114,348;310
47,10,162,6,338,285;138;375;63;394;395
48,90,473,3,279,152;130;127
49,242,225,3,214,164;303;73
50,107,353,1,143,43
51,115,366,3,236,388;34;335
52,236,404,10,785,142;73;153;116;10;308;10;107;382;205
53,168,150,5,290,276;272;347;32;352
54,230,135,18,1141,64;57;298;284;67;5;121;210;105;48;68;74;114;54;338;372;284;267
55,143,394,9,695,24;208;99;70;262;180;87;137;167
56,275,343,15,1118,382;225;227;26;350;310;41;346;392;320;382;380;235;356;362
57,109,382,11,773,183;136;256;103;189;347;281;60;297;393;244
58,274,336,14,828,384;219;390;45;383;95;100;18;53;160;81;342;157;122
59,168,287,15,996,338;162;235;348;264;330;104;86;356;132;14;90;262;284;297
60,185,338,5,261,350;334;278;397;314
61,105,254,12,907,372;2;161;37;157;146;36;224;139;303;86;291
62,237,243,10,454,360;104;68;88;201;271;193;370;111;214
63,221,395,10,768,243;146;168;224;322;367;275;127;219;108
64,269,258,7,411,376;49;149;201;297;284;35
65,244,405,7,335,312;16;67;278;220;392;78
66,147,363,5,330,193;308;311;100;293
67,293,131,6,459,181;26;299;340;12;127
68,295,304,8,471,154;122;55;383;184;172;10;375
69,216,127,11,749,45;323;11;282;237;383;210;160;183;27;277
70,223,394,4,343,12;131;93;133
71,283,280,8,654,243;323;332;69;7;206;59;167
72,126,275,11,989,153;87;367;298;73;154;99;127;107;237;380
73,192,257,18,1047,337;158;104;132;227;261;375;121;267;97;2;154;31;299;349;360;81;116
74,228,384,6,390,221;86;261;203;61;321
75,267,233,4,346,273;388;139;78
76,194,323,8,534,367;201;31;107;384;137;130;73
77,75,294,7,570,360;173;340;297;132;361;323
78,268,281,9,391,283;201;239;63;247;210;80;153;168
79,178,316,1,49,104
80,262,245,5,351,333;81;343;185;202
81,255,211,3,136,119;28;296
82,388,237,1,16,358
83,136,260,5,242,15;33;8;95;88
84,120,272,4,258,157;296;68;57
85,180,171,4,231,186;149;130;128
86,284,142,3,206,142;46;86
87,274,348,3,261,394;160;135
88,158,195,13,670,47;382;81;382;50;184;347;66;204;278;125;142;348
89,235,422,4,325,371;220;222;18
90,232,154,3,162,293;156;41
91,216,247,5,446,89;320;354;43;285
92,244,477,5,269,132;83;97;287;139
93,259,273,11,657,342;382;364;380;270;161;330;233;365;284;119
94,257,192,9,747,220;50;107;99;396;363;332;256;83
95,190,261,9,647,130;133;373;312;232;331;123;83;233
96,187,351,11,644,70;114;146;230;350;177;114;54;15;159;237
97,180,308,11,582,124;24;300;62;15;3;133;172;241;272;145
98,260,513,6,348,238;2;2;231;63;307
99,126,342,19,1151,293;100;399;270;28;22;284;233;382;145;267;288;71;38;195;203;121;76;1
100,259,354,6,478,223;322;206;77;242;279
101,113,341,10,700,7;362;382;373;100;53;359;360;216;373
102,199,270,11,811,277;95;312;337;43;26;279;65;130;229;379
103,198,360,17,1125,16;303;399;71;365;391;368;329;173;127;164;254;182;227;399;298;338
104,193,238,8,585,226;256;335;161;399;377;128;370
105,169,278,12,835,127;394;349;227;69;340;45;383;314;138;377;348
106,214,214,8,531,323;146;3;2;142;371;35;23
107,318,388,15,912,181;319;235;388;237;198;73;299;17;314;219;60;375;42;174
108,270,321,8,772,395;214;119;107;286;270;61;395
109,270,359,14,899,331;68;384;237;93;320;290;110;386;372;189;286;383;50
110,163,260,12,710,298;309;314;348;130;83;390;193;299;146;357;264
111,124,366,11,650,90;374;335;162;162;256;364;16;370;169;30
112,234,221,16,968,392;364;7;196;100;382;241;276;167;59;111;350;38;149;265;111
113,95,533,9,459,57;317;328;88;107;329;399;77;26
114,255,259,12,767,382;194;35;51;289;283;270;297;384;315;138;229
115,94,476,3,222,297;242;370
116,193,243,4,280,375;375;202;14
117,209,171,6,385,45;182;356;215;108;19
118,289,284,4,187,51;296;192;300
119,186,390,14,929,225;113;32;261;42;338;301;159;241;303;214;88;136;305
120,169,133,4,251,371;380;136;78
121,102,277,2,124,251;262
122,173,242,17,1150,305;239;346;133;63;399;57;96;276;194;396;133;241;312;338;96;243
123,284,416,5,330,242;219;210;214;233
124,183,245,9,485,254;133;83;342;116;389;10;97;338
125,321,485,16,1128,353;105;157;348;257;184;391;338;41;288;346;353;149;49;176;138
126,280,349,3,125,358;301;235
127,90,380,2,116,163;337
128,142,298,8,496,293;129;398;45;282;211;196;99
129,149,249,8,488,113;37;267;358;191;398;49;81
130,175,375,6,332,342;383;7;395;17;233
131,211,242,3,256,49;328;222
132,196,301,9,556,360;239;172;121;183;161;138;182;176
133,108,206,10,768,263;351;52;99;372;219;270;285;212;35
134,220,386,5,324,272;178;81;161;283
135,208,299,11,864,293;32;130;113;242;122;270;92;219;130;167
136,220,215,7,515,333;372;51;395;222;25;79
137,276,131,5,408,159;97;132;110;209
138,301,354,7,563,313;320;344;331;37;60;244
139,153,353,11,805,390;394;113;154;149;342;70;195;267;30;257
140,99,183,3,205,231;198;57
141,155,131,4,286,305;235;280;36
142,189,234,11,853,13;186;104;85;344;90;75;157;244;221;361
143,220,249,4,222,73;157;149;182
144,226,269,2,88,96;17
145,237,268,5,237,384;195;121;117;62
146,183,363,2,61,26;126
147,146,204,4,356,85;26;362;355
148,149,275,10,521,63;1;168;347;314;66;228;6;360;54
149,267,225,10,797,286;267;89;57;251;49;262;381;66;384
150,221,398,4,263,17;111;396;241
151,188,195,15,1026,177;295;220;352;112;303;57;163;60;290;100;47;214;287;201
152,202,417,1,44,375
153,158,186,7,408,182;113;97;284;198;237;59
154,216,307,3,231,18;10;372
155,171,95,16,843,42;221;86;301;184;258;343;104;314;300;238;26;222;181;241;52
156,181,346,4,165,149;243;210;52
157,239,94,9,547,364;105;45;48;81;194;90;376;317
158,245,226,6,381,251;107;129;8;98;116
159,233,328,11,600,8;287;235;182;233;279;364;87;181;95;238
160,123,116,5,399,41;128;154;49;46
161,128,423,3,212,195;92;235
162,121,489,8,421,289;272;277;31;145;136;79;34
163,141,300,6,502,14;272;308;14;175;58
164,276,329,7,396,344;22;176;31;163;136;122
165,253,398,8,632,108;136;89;306;361;344;10;99
166,253,390,12,664,72;350;386;159;67;27;296;275;268;242;344;151
167,185,345,1,80,234
168,209,352,7,365,299;145;220;267;356;296;196
169,239,224,18,1096,125;71;263;18;379;218;361;219;119;163;364;228;391;172;257;8;314;371
170,277,440,15,1086,17;393;184;189;298;12;262;284;85;122;99;102;138;67;66
171,187,314,2,188,266;107
172,139,374,7,468,155;104;71;159;168;99;301
173,213,398,9,514,8;296;216;312;95;48;210;302;360
174,65,355,9,388,398;45;145;313;70;276;34;362;283
175,163,197,4,349,287;267;66;178
176,3,83,10,742,362;135;277;193;164;251;382;239;96;235
177,255,256,2,126,378;244
178,161,437,8,628,66;302;267;312;147;136;247;282
179,313,110,4,113,112;283;268;21
180,209,164,2,117,384;166
181,119,239,9,602,16;120;278;167;146;383;163;173;399
182,222,528,11,634,280;262;89;159;79;119;191;66;350;212;26
183,263,430,11,666,163;330;54;35;332;338;375;223;160;184;16
184,229,214,9,413,344;237;162;59;16;28;133;259;306
185,266,338,4,354,64;75;215;90
186,221,278,10,675,395;105;363;328;333;380;241;386;142;57
187,179,211,6,414,0;186;268;136;25;160
188,250,414,7,502,270;141;63;84;205;225;353
189,115,270,8,451,94;17;106;369;183;37;165;399
190,251,211,12,859,116;241;277;297;41;224;362;298;337;130;122;300
191,95,352,11,755,70;41;18;241;327;384;286;26;182;388;106
192,138,87,7,370,71;8;121;243;54;319;382
193,115,189,2,154,121;15
194,225,258,3,93,372;384;283
195,285,131,18,1208,20;111;68;373;218;91;7;83;398;22;161;225;306;347;220;63;88;362
196,192,148,7,448,396;261;158;162;249;140;119
197,395,185,6,353,16;44;183;140;383;161
198,117,165,16,957,299;200;113;349;129;84;256;345;396;384;97;168;36;220;156;242
199,163,266,18,1287,247;2;198;302;172;286;117;85;239;256;344;383;25;121;239;53;30;373
200,289,390,17,1024,189;218;363;367;302;335;268;107;32;71;307;324;61;382;67;335;138
201,111,477,10,595,24;268;112;36;55;80;247;396;145;228
202,265,302,8,525,104;384;279;68;383;332;202;396
203,281,226,2,173,214;332
204,253,235,10,660,104;158;290;130;130;168;248;109;350;356
205,216,209,7,394,189;264;238;388;355;145;398
206,115,361,3,214,287;155;40
207,265,354,7,533,378;342;205;270;100;293;10
208,180,232,5,339,257;244;60;247;142
209,271,341,3,207,35;27;132
210,261,227,7,522,107;300;120;398;63;107;388
211,351,353,5,340,378;66;50;66;142
212,265,264,3,135,181;50;201
213,172,438,5,294,72;398;32;131;191
214,141,55,12,736,106;163;392;26;138;46;157;113;372;221;135;228
215,113,208,11,769,137;107;211;63;58;18;194;367;66;8;225
216,135,311,10,536,376;100;211;159;302;211;83;372;376;243
217,275,391,11,643,288;375;254;371;32;298;121;179;71;116;282
218,125,274,2,127,278;282
219,197,149,13,849,163;160;158;327;64;41;57;168;162;62;231;14;345
220,116,389,6,194,47;115;216;304;126;136
221,335,211,18,903,253;397;355;121;129;373;145;330;220;221;238;146;364;184;10;28;364;241
222,187,242,10,637,377;163;221;251;133;175;255;35;117;384
223,143,259,4,226,289;75;265;184
224,245,215,5,329,30;348;193;159;281
225,93,432,8,404,268;397;130;184;120;307;63;224
226,212,165,6,299,163;289;62;211;395;192
227,122,421,2,87,111;304
228,184,156,13,826,148;196;135;219;205;116;266;43;145;23;32;241;122
229,118,256,14,819,184;281;255;137;57;3;81;55;56;253;253;259;75;312
230,309,284,13,921,391;322;201;257;119;150;220;275;215;35;184;169;48
231,118,259,14,1051,385;357;299;181;121;127;315;129;324;286;30;390;83;16
232,371,208,6,554,388;292;348;243;267;64
233,249,333,16,1304,345;369;170;64;147;172;241;30;127;399;51;31;238;102;66;270
234,280,247,7,673,38;107;272;345;377;107;293
235,143,311,4,255,84;124;59;134
236,259,250,9,727,175;164;286;256;160;241;362;179;233
237,187,12,2,154,38;58
238,284,110,4,267,309;372;373;237
239,258,370,3,266,151;239;343
240,133,538,2,108,116;105
241,170,166,4,206,278;121;375;261
242,359,257,4,227,228;73;80;169
243,183,182,4,276,285;233;54;36
244,275,353,8,558,28;244;251;282;211;195;105;320
245,99,504,2,163,175;386
246,113,216,17,1024,122;157;22;223;332;288;128;16;314;252;221;153;283;228;231;388;347
247,183,463,8,518,85;50;182;262;313;16;133;167
248,147,302,7,479,239;350;375;277;384;196;46
249,254,168,5,493,127;308;21;127;286
250,261,232,18,1240,311;147;167;210;382;239;100;205;383;201;384;67;283;40;97;326;226;143
251,150,153,12,818,131;286;379;2;169;328;183;277;362;278;85;61
252,353,418,11,672,54;282;242;149;301;398;121;96;282;372;247
253,224,412,8,519,76;122;63;161;360;82;270;167
254,257,276,5,357,350;244;338;222;253
255,37,159,6,474,282;64;73;225;360;350
256,236,396,4,264,216;66;338;189
257,167,277,2,87,34;153
258,276,345,9,556,196;290;283;66;160;28;211;260;265
259,253,213,5,418,32;160;206;268;155
260,169,250,1,54,97
261,258,478,4,218,32;276;191;92
262,241,131,7,380,163;398;23;348;338;26;113
263,204,381,5,389,167;244;206;241;242
264,192,331,14,890,14;175;360;144;125;346;268;397;143;201;398;34;113;370
265,283,329,12,742,373;184;35;97;49;181;283;264;48;16;164;360
266,278,364,8,548,346;235;380;182;298;190;229;376
267,168,255,5,347,257;374;361;35;141
268,191,408,12,619,262;216;153;193;28;360;286;183;21;133;57;163
269,108,427,13,875,89;184;383;55;150;382;167;361;398;147;334;90;145
270,301,164,18,1386,179;127;161;277;362;156;324;83;92;164;281;40;108;12;390;356;114;330
271,299,89,12,727,94;284;219;307;173;24;218;40;360;157;335;122
272,270,248,14,802,113;356;172;339;295;297;217;115;265;35;375;372;214;234
273,266,241,5,227,88;7;129;162;370
274,252,206,2,133,222;53
275,231,161,1,63,111
276,217,150,3,291,154;362;346
277,20,377,17,1190,342;159;127;303;324;192;60;221;352;30;100;392;160;360;66;89;199
278,154,170,5,387,221;75;131;96;333
279,103,379,8,563,290;107;239;110;358;297;346;352
280,323,319,6,410,5;103;253;223;141;75
281,263,220,13,983,112;29;113;201;93;91;190;99;32;228;198;164;126
282,346,373,8,700,100;132;100;302;297;220;55;247
283,131,275,4,261,221;138;353;286
284,256,17,15,1148,49;71;121;61;142;356;243;133;8;297;105;48;228;151;190
285,152,417,5,333,369;161;24;164;193
286,146,455,2,106,81;181
287,190,237,2,150,272;118
288,172,448,10,519,323;120;360;41;296;116;397;153;299;220
289,188,379,16,1172,15;235;18;395;15;399;133;296;297;268;63;100;312;212;362;239
290,160,154,7,342,195;23;375;296;74;54;233
291,380,259,5,523,43;237;173;101;160
292,106,256,6,463,215;43;15;130;275;112
293,212,166,5,380,18;39;244;127;35
294,260,122,4,317,350;257;142;143
295,171,282,12,827,151;1;132;68;152;205;326;395;242;301;112;227
296,227,299,6,365,129;93;257;67;218;136
297,241,313,2,118,41;235
298,274,226,13,768,68;8;142;395;300;86;135;66;156;57;129;360;375
299,249,212,5,410,267;381;377;105;221
300,229,222,9,599,144;8;297;182;233;239;239;147;10
301,201,358,8,345,244;210;81;397;226;94;126;231
302,137,292,2,143,121;223
303,167,399,1,105,396
304,252,223,11,887,348;86;262;167;257;15;61;283;175;32;280
305,104,223,2,108,201;235
306,274,354,4,261,384;257;395;211
307,197,337,13,860,26;139;290;289;346;248;362;110;237;153;214;380;191
308,130,256,11,565,90;28;71;314;42;107;392;163;252;372;105
309,215,404,3,189,327;129;246
310,117,357,5,303,104;298;68;289;282
311,157,232,7,459,129;37;349;224;114;336;265
312,199,85,4,253,221;113;31;16
313,185,183,4,263,297;281;18;399
314,119,364,12,800,365;381;279;254;389;121;231;286;161;242;165;149
315,109,268,3,135,254;46;45
316,185,410,6,557,86;257;270;130;380;49
317,123,75,5,273,199;145;335;153;132
318,107,374,2,121,269;255
319,313,121,8,462,201;188;104;284;397;145;326;172
320,274,370,11,441,397;364;149;300;54;299;301;70;29;66;45
321,190,397,4,246,155;278;224;252
322,127,298,8,521,243;211;111;32;390;54;352;61
323,237,225,4,208,214;26;384;106
324,265,225,4,229,76;66;278;65
325,120,365,1,44,125
326,281,240,6,362,208;153;286;252;195;136
327,168,421,3,198,93;244;325
328,163,423,4,246,375;301;167;71
329,275,272,11,758,99;194;355;397;276;13;192;324;241;241;110
330,313,279,10,688,251;251;396;219;385;129;17;399;64;130
331,269,364,7,284,50;299;292;231;304;146;53
332,184,390,4,301,254;280;214;127
333,256,196,6,475,284;392;194;164;366;105
334,369,224,13,812,142;108;241;123;201;312;7;181;262;86;121;379;326
335,4,481,9,529,54;125;119;201;96;248;15;343;76
336,192,341,16,908,308;365;314;104;335;45;240;144;365;237;157;140;317;338;140;62
337,289,291,12,931,290;383;384;205;107;158;338;383;320;348;284;100
338,202,143,6,407,153;239;300;177;242;6
339,159,149,8,420,69;53;204;299;50;86;186;370
340,333,449,7,550,220;157;221;160;218;287;30
341,70,295,6,517,161;282;194;73;350;343
342,188,165,6,292,136;45;16;384;314;125
343,127,164,7,497,338;220;54;74;223;157;370
344,188,327,8,699,175;77;85;286;270;333;398;19
345,118,129,5,267,371;35;392;150;35
346,114,265,5,221,83;253;181;97;386
347,17,487,8,424,76;204;258;214;379;94;302;384
348,181,265,10,560,346;50;306;304;288;261;398;54;96;295
349,199,221,3,202,225;290;76
350,70,233,13,954,350;299;208;293;327;275;28;100;242;99;20;16;201
351,263,145,8,359,112;290;355;138;344;62;114;110
352,225,277,2,147,142;157
353,269,195,5,273,268;94;178;11;35
354,143,525,4,208,206;183;24;149
355,256,282,10,699,119;367;225;225;303;104;233;263;386;243
356,195,400,4,193,360;227;35;270
357,241,451,4,212,95;52;247;348
358,329,153,3,223,261;149;49
359,215,128,4,220,22;182;188;7
360,354,431,9,523,365;125;30;261;259;80;63;247;178
361,158,271,13,752,203;54;92;220;221;322;308;341;335;216;113;337;189
362,182,376,16,1091,290;287;375;337;84;61;64;349;62;110;125;350;58;78;260;393
363,208,350,1,62,288
364,155,367,15,914,4;127;86;149;257;237;116;371;100;126;95;145;86;7;289
365,138,500,5,362,107;383;94;97;151
366,135,357,5,483,282;150;46;127;227
367,274,403,5,341,238;63;20;167;267
368,271,233,8,578,135;73;220;252;175;73;170;34
369,307,160,2,167,194;17
370,254,85,17,1320,168;75;383;239;251;136;305;150;16;35;169;130;288;396;73;165;164
371,69,349,3,258,85;323;233
372,226,214,4,272,147;51;220;207
373,226,217,14,1142,361;294;158;189;309;332;399;257;61;362;302;127;339;263
374,125,374,5,250,108;16;268;72;26
375,232,271,8,586,275;277;80;142;296;150;40;194
376,50,352,17,1298,10;243;315;296;222;222;193;64;105;362;28;355;261;90;228;207;61
377,257,215,2,83,375;218
378,164,424,3,191,371;337;348
379,309,400,2,180,107;86
380,143,449,5,407,306;388;379;2;147
381,257,221,2,84,35;131
382,195,316,6,408,208;270;57;167;122;360
383,160,53,8,485,86;45;159;159;167;57;376;136
384,105,271,4,229,348;119;104;233
385,175,312,12,713,364;279;83;276;223;97;54;2;218;5;365;388
386,199,197,18,1082,172;17;265;153;307;142;53;229;156;132;348;348;268;397;302;167;365;322
387,227,106,3,175,2;58;182
388,290,393,13,862,31;222;302;66;120;133;242;198;300;345;218;81;76
389,190,254,5,275,241;50;333;370;289
390,104,168,2,176,219;362
391,297,412,5,255,399;54;182;369;247
392,191,191,2,146,224;182
393,251,110,7,321,111;243;77;133;296;210;126
394,177,244,10,620,58;145;237;205;200;111;98;133;107;349
395,294,473,15,980,281;120;328;324;244;151;64;233;71;225;163;150;218;344;150
396,326,409,5,376,201;100;344;86;361
397,251,366,12,848,55;275;148;216;326;57;18;168;219;397;290;190
398,176,263,7,393,28;133;125;398;306;222;68
399,93,232,10,546,237;183;132;230;54;198;239;29;230;27
400,278,236,3,194,111;71;333
401,261,330,9,526,288;348;189;26;312;277;245;314;251
402,206,148,6,320,15;360;133;53;198;335
403,209,247,16,1024,349;336;54;71;328;299;80;164;220;211;322;371;374;144;100;66
404,241,191,5,304,267;196;68;377;53
405,299,457,8,485,60;172;63;73;358;30;189;2
406,199,351,4,309,32;89;31;161
407,195,264,9,532,39;393;283;78;63;221;382;118;290
408,302,222,10,949,362;46;219;72;127;351;99;194;221;142
409,134,193,1,54,383
410,195,328,11,839,136;180;286;237;296;41;19;295;338;377;80
411,247,229,5,231,300;41;123;364;60
412,113,318,12,774,247;216;50;345;289;26;99;362;153;191;288;282
413,158,177,10,603,219;314;142;121;64;237;358;338;196;284
414,278,176,16,1057,372;160;156;248;99;50;357;390;153;396;139;88;73;261;221;390
415,172,307,9,399,300;392;145;280;383;183;301;391;241
416,266,366,9,615,122;348;151;168;282;216;361;362;68
417,219,220,8,512,229;303;225;221;354;142;25;56
418,259,185,13,1096,160;219;57;181;239;194;195;223;384;353;222;286;247
419,142,50,8,418,130;102;63;142;68;255;299;362
420,257,226,16,1243,7;154;193;348;395;391;71;81;225;346;99;286;204;272;361;350
421,327,497,12,810,220;382;321;238;338;328;283;139;150;19;347;235
422,230,328,10,770,251;391;110;382;46;114;201;34;10;393
423,66,482,7,446,220;235;360;185;220;277;324
424,168,144,13,1002,106;390;258;350;182;326;292;396;22;86;130;194;314
425,169,187,1,108,225
426,208,106,13,699,116;218;218;232;30;215;218;187;185;159;81;275;122
427,240,104,10,562,127;111;386;218;337;252;26;57;276;304
428,275,193,5,257,53;26;332;266;183
429,202,159,12,793,333;235;392;270;96;270;284;136;16;357;376;382
430,243,211,6,573,178;130;270;12;147;372
431,95,130,16,1054,16;257;326;107;153;153;344;238;397;2;64;384;159;123;365;373
432,205,339,8,472,167;286;104;202;41;313;47;360
433,269,332,7,368,41;159;184;315;212;262;145
434,274,371,7,263,299;28;360;384;164;153;168
435,259,350,12,664,297;284;335;382;163;73;390;201;120;386;122;131
436,182,236,14,961,110;120;173;151;156;297;71;120;382;370;267;238;211;16
437,139,148,9,582,362;278;365;325;396;357;350;185;172
438,276,256,10,775,55;361;116;71;133;52;147;345;107;119
439,114,263,4,347,225;225;36;384
440,221,424,7,455,63;38;197;57;60;384;323
441,134,277,15,968,199;117;182;227;185;273;56;32;97;73;162;118;94;195;172
442,295,205,7,450,29;283;57;314;144;238;130
443,158,275,7,464,121;243;262;344;332;348;346
444,192,396,5,355,54;194;125;275;399
445,188,260,5,186,266;358;253;138;158
446,265,259,5,308,278;69;392;159;273
447,160,339,15,1237,175;87;30;56;367;18;154;5;135;257;146;376;164;265;242
448,126,236,6,204,254;94;244;67;35;159
449,228,290,9,680,233;110;372;172;224;399;154;100;200
450,243,223,15,817,14;126;104;272;133;121;149;63;326;211;184;345;104;347;330
451,182,354,10,538,374;28;241;216;119;286;307;119;76;123
452,130,206,4,277,129;90;14;76
453,143,226,5,260,168;162;149;164;390
454,212,134,13,803,220;38;367;247;109;121;303;282;289;24;80;277;299
455,125,273,4,188,196;219;58;104
456,217,213,16,1132,292;288;268;153;300;363;104;177;221;100;293;275;326;363;7;254
457,149,297,12,508,122;211;210;251;181;94;216;6;191;153;5;367
458,207,331,11,769,243;97;164;176;80;19;168;87;133;367;73
459,87,326,3,138,335;125;290
460,245,369,7,403,112;239;104;398;1;338;142
461,171,353,3,140,391;216;384
462,102,248,7,278,306;78;149;63;259;35;60
463,185,268,2,130,164;21
464,185,227,1,8,299
465,285,218,2,171,110;359
466,274,228,4,366,49;126;49;61
467,266,352,10,730,101;107;40;312;16;184;223;314;376;273
468,164,376,6,389,332;170;286;267;184;359
469,201,369,5,451,107;136;66;263;384
470,92,296,15,975,372;106;170;61;27;180;275;221;50;258;105;338;160;314;378
471,234,228,7,439,124;24;189;24;299;350;161
472,172,370,15,1049,221;297;242;225;199;108;218;329;282;144;113;297;242;286;170
473,244,231,3,244,380;199;147
474,173,66,5,298,360;323;256;276;102
475,115,170,12,912,48;180;111;272;111;154;182;49;223;231;151;159
476,283,228,10,742,48;90;130;214;96;19;372;390;179;328
477,239,216,8,351,252;172;375;317;152;360;382;18
478,267,226,13,807,290;296;137;303;270;151;107;26;244;139;341;142;151
479,231,257,3,231,355;12;159
480,272,259,7,467,107;335;336;290;210;80;52
481,180,416,6,360,324;279;26;239;31;50
482,257,81,12,482,94;237;384;80;133;114;83;90;349;5;283;162
483,220,148,8,509,216;85;347;23;174;337;334;183
484,111,295,5,357,160;195;311;286;265
485,90,219,4,253,263;78;335;325
486,172,195,3,294,165;146;49
487,296,217,3,124,149;190;80
488,205,120,9,438,370;237;171;10;196;27;342;246;268
489,137,243,6,417,380;49;8;297;242;149
490,127,532,7,504,99;374;298;114;85;108;63
491,163,456,9,452,181;314;307;344;185;210;283;219;114
492,168,170,17,1095,357;238;340;56;123;136;122;127;342;264;261;89;140;220;92;205;282
493,108,325,5,380,244;277;160;159;353
494,19,185,10,765,85;107;164;153;338;175;47;28;302;189
495,246,231,14,882,149;71;185;349;136;267;323;370;66;306;162;330;290;223
496,316,239,4,181,334;153;349;138
497,226,456,6,315,189;340;221;346;179;215
498,251,205,15,986,323;360;108;131;209;34;191;93;223;219;254;30;332;104;159
499,85,270,11,672,204;280;174;138;218;90;189;119;12;215;221
500,194,361,12,869,29;39;92;175;111;334;380;2;257;204;267;338
501,177,131,3,126,145;98;70
502,104,373,6,429,256;80;97;151;133;282
503,136,444,10,610,112;274;108;157;153;210;1;338;95;257
504,281,383,13,783,132;255;40;18;251;215;45;360;127;129;226;327;45
505,226,472,3,220,77;232;315
506,257,230,5,377,75;150;184;398;133
507,221,102,11,898,355;158;205;388;322;22;220;286;18;92;36
508,233,224,12,962,76;344;221;59;99;219;46;222;77;319;225;388
509,83,298,6,510,260;99;184;167;142;42
510,278,211,14,1081,220;335;320;32;345;361;100;365;103;346;355;391;16;252
511,230,268,3,194,5;122;107
512,187,89,9,620,186;280;114;57;252;323;393;297;78
513,172,427,4,254,66;105;383;219
514,284,354,10,633,123;29;54;361;153;2;175;159;113;73
515,318,276,7,519,99;353;211;346;157;172;196
516,277,345,4,291,192;239;186;106
517,183,114,18,1150,113;272;259;91;360;75;224;384;86;80;16;297;57;189;247;346;314;15
518,239,577,5,251,159;105;73;185;54
519,266,251,3,199,301;356;230
520,251,224,5,222,328;339;181;290;86
521,191,207,2,194,356;348
522,263,192,11,871,135;127;195;167;259;233;219;350;330;279;257
523,297,331,10,708,319;41;270;189;26;241;225;139;3;101
524,131,281,2,177,338;164
525,121,276,5,354,361;123;35;266;85
526,276,372,11,689,153;296;61;95;312;379;201;79;355;57;157
527,116,274,5,172,216;162;208;117;120
528,165,200,7,491,169;362;36;244;199;211;26
529,112,309,3,143,288;255;247
530,197,266,4,232,273;171;301;96
531,281,334,8,457,242;16;283;181;399;157;299;375
532,240,451,14,876,97;369;31;344;136;136;198;396;289;241;7;349;76;69
533,131,304,8,577,223;361;58;286;342;191;55;362
534,307,81,5,229,115;287;74;220;249
535,192,136,11,879,18;127;167;174;46;132;259;355;278;286;199
536,120,264,16,1083,349;57;18;166;220;110;26;179;61;159;212;151;228;62;367;216
537,132,57,9,527,75;172;63;346;241;278;365;314;40
538,125,427,12,810,335;312;350;377;160;171;366;88;139;339;108;270
539,265,366,7,395,266;168;92;54;365;136;226
540,244,229,9,453,35;208;201;371;398;232;90;182;159
541,181,83,15,912,26;91;243;6;378;132;139;207;146;299;10;367;160;7;300
542,211,181,7,457,276;81;3;286;349;136;355
543,91,364,2,103,223;126
544,264,324,11,667,286;184;147;113;350;375;201;186;360;116;380
545,189,475,5,313,220;186;27;303;149
546,69,489,8,637,205;167;165;348;346;63;222;174
547,97,181,3,78,276;22;114
548,149,230,17,1117,195;297;364;380;110;129;382;67;221;152;158;107;227;132;349;161;398
549,156,249,9,674,105;303;126;278;75;233;43;326;157
550,161,359,5,528,32;362;388;2;214
551,271,385,3,134,35;300;348
552,213,153,13,1012,270;376;262;64;316;182;69;199;43;389;388;15;145
553,111,270,14,835,184;16;338;251;85;227;116;101;267;384;390;296;122;208
554,319,261,3,218,361;319;303
555,252,146,2,135,119;41
556,62,304,6,464,189;172;291;377;398;347
557,312,422,4,301,97;362;199;95
558,268,356,3,141,113;189;310
559,305,379,4,170,299;79;156;380
560,197,341,2,116,262;196
561,226,371,5,311,280;350;17;262;121
562,35,287,6,405,150;71;142;371;222;163
563,220,279,8,381,164;360;197;35;335;4;365;31
564,249,200,3,184,369;380;349
565,210,142,10,644,2;23;114;130;398;201;228;367;90;237
566,84,318,9,529,312;54;193;279;25;8;114;37;130
567,25,452,7,254,371;248;215;145;334;392;77
568,51,234,6,293,29;354;218;114;167;297
569,170,434,12,901,54;8;155;19;107;41;7;17;121;387;376;150
570,222,522,3,190,97;187;61
571,237,214,4,247,396;142;375;231
572,167,452,2,93,61;184
573,175,121,4,291,129;270;227;194
574,100,358,11,653,133;259;309;327;41;97;54;70;228;229;184
575,294,197,11,748,396;323;387;73;16;147;251;70;302;105;372
576,205,276,12,515,286;196;189;94;202;63;313;307;114;253;364;310
577,251,197,9,474,205;300;80;296;63;370;329;280;75
578,344,400,8,474,270;391;163;129;208;372;31;133
579,119,390,8,412,308;83;23;249;283;101;163;227
580,264,306,3,163,106;276;286
581,202,462,9,616,323;36;242;296;138;104;256;17;312
582,305,486,16,1043,195;97;100;186;274;106;5;398;367;391;112;375;133;233;185;378
583,249,301,6,410,323;371;352;388;383;344
584,204,115,7,342,316;162;335;286;216;35;180
585,198,317,13,999,216;199;163;244;370;121;195;75;267;239;113;242;102
586,195,362,5,228,78;296;392;394;272
587,132,297,9,577,337;251;183;64;31;90;186;53;374
588,254,274,6,497,362;374;205;161;298;237
589,113,269,5,375,323;38;41;23;238
590,187,348,9,704,286;375;159;154;362;247;124;225;64
591,247,311,2,99,97;78
592,212,251,14,922,63;180;221;273;84;300;81;399;12;85;235;278;273;26
593,261,355,7,365,296;174;384;93;276;11;324
594,180,116,1,127,100
595,256,76,6,340,281;63;51;97;222;114
596,42,310,10,892,160;27;399;38;388;139;326;242;19;297
597,146,416,14,781,123;327;299;324;390;18;83;301;97;16;337;63;383;372
598,113,270,14,981,221;335;305;100;361;356;276;13;179;167;31;45;221;282
599,227,230,5,293,316;359;225;399;105
600,210,355,8,552,312;122;107;379;5;214;190;165
601,205,418,4,246,22;149;178;302
602,92,277,6,451,331;193;18;370;172;40
603,268,238,5,233,63;83;353;275;68
604,110,565,12,760,367;1;247;85;113;189;270;371;335;243;388;145
605,196,330,9,481,121;333;80;78;371;133;376;86;129
606,256,216,6,429,69;350;60;59;24;218
607,206,374,8,557,127;235;74;92;8;194;201;40
608,261,130,5,378,58;314;225;257;147
609,33,229,18,1189,338;123;199;129;227;275;337;181;291;38;362;276;163;200;2;300;104;60
610,212,199,4,218,398;230;362;67
611,250,249,13,879,313;268;399;130;163;57;43;16;347;185;350;67;35
612,249,81,7,465,388;241;90;334;63;133;365
613,243,222,12,877,61;112;127;218;290;383;97;322;165;180;205;185
614,301,351,13,857,208;223;360;121;242;54;68;107;97;51;214;186;243
615,108,273,14,947,153;140;225;8;99;114;179;183;149;163;386;100;175;391
616,271,358,3,229,350;370;267
617,290,294,5,293,159;159;127;398;81
618,167,491,6,390,269;189;104;242;96;261
619,58,284,3,188,243;199;312
620,140,253,5,389,345;184;396;142;48
621,109,343,8,355,364;16;145;302;308;122;114;189
622,196,365,7,439,340;398;64;286;397;360;113
623,66,415,5,382,116;93;284;5;167
624,90,111,16,1043,136;122;364;350;388;136;37;15;133;186;159;216;360;300;388;16
625,165,263,3,321,260;355;205
626,179,290,11,588,398;367;380;108;189;395;397;128;158;290;50
627,117,348,8,512,299;16;64;122;226;76;362;133
628,202,218,8,535,384;314;121;86;375;82;160;147
629,252,226,6,333,212;244;153;167;335;259
630,196,97,6,365,261;293;397;158;119;136
631,325,340,11,742,63;312;306;263;122;105;300;107;127;304;154
632,259,218,6,416,189;360;73;60;141;100
633,221,181,16,954,264;100;126;162;374;324;138;79;75;321;175;252;380;190;149;169
634,221,281,4,238,220;220;397;371
635,204,199,3,182,83;210;154
636,242,199,5,211,397;372;168;112;27
637,250,55,12,600,57;180;183;71;139;46;313;63;149;265;17;289
638,93,403,4,320,348;195;378;284
639,270,239,5,215,96;50;273;245;299
640,146,425,5,341,290;49;303;114;2
641,179,206,7,431,68;69;275;14;125;241;76
642,194,263,11,824,323;8;253;150;126;94;38;373;110;16;205
643,270,250,12,913,21;396;77;155;51;297;124;388;278;160;113;150
644,63,258,5,384,54;286;111;270;228
645,309,259,11,806,247;375;64;327;398;338;108;68;49;66;16
646,248,304,5,302,49;314;301;193;159
647,289,469,5,345,278;16;314;377;312
648,235,226,16,1178,395;375;104;370;296;49;85;165;81;161;319;54;39;239;78;257
649,228,169,13,861,199;68;94;169;127;257;185;14;128;189;97;315;245
650,101,361,6,463,323;155;188;327;35;191
651,189,268,10,779,178;132;116;2;301;270;362;197;51;237
652,121,380,2,101,300;346
653,228,269,16,1151,100;80;215;356;233;299;66;215;95;222;52;221;30;129;30;64
654,96,259,14,989,260;243;251;159;127;19;111;269;233;350;334;115;201;394
655,119,344,7,632,182;99;260;273;88;24;133
656,109,278,14,691,218;253;37;211;335;225;108;144;300;96;63;70;292;197
657,241,505,2,120,348;172
658,279,338,11,703,199;257;223;149;120;81;160;154;208;83;391
659,237,176,9,550,153;324;205;378;185;123;375;140;306
660,173,420,4,452,212;100;388;320
661,132,201,6,355,372;113;133;384;38;297
662,220,316,7,477,202;160;108;324;346;89;325
663,181,237,1,37,81
664,190,98,1,95,205
665,150,234,15,937,164;176;244;364;190;125;357;185;78;41;80;346;375;14;163
666,185,439,3,190,48;278;68
667,280,246,4,208,26;28;186;120
668,249,225,10,586,29;52;125;216;324;183;322;51;43;80
669,163,301,9,485,312;362;265;116;254;265;216;133;368
670,175,521,4,287,396;183;19;397
671,270,266,11,662,375;286;142;388;346;266;218;149;356;299;50
672,17,224,3,281,90;327;160
673,293,271,7,423,230;186;199;211;146;268;64
674,112,261,7,452,396;276;45;6;160;309;239
675,105,300,13,1061,370;2;337;322;221;284;242;195;90;337;35;388;17
676,245,290,3,281,87;243;30
677,186,476,5,224,241;235;347;211;62
678,152,159,2,179,27;396
679,266,379,8,465,141;299;221;170;158;201;154;283
680,242,223,8,371,149;138;358;76;71;64;201;289
681,177,283,13,891,96;282;220;195;18;174;384;2;89;58;97;66;352
682,187,189,4,309,61;73;362;5
683,265,210,1,4,184
684,168,236,6,499,384;107;73;205;382;110
685,292,523,5,274,32;56;184;350;227
686,109,357,5,377,384;205;38;35;222
687,150,335,8,610,157;32;235;164;237;85;346;386
688,190,370,1,86,214
689,130,411,4,180,370;259;343;138
690,284,236,14,847,211;167;217;307;348;287;161;145;220;303;334;241;350;86
691,255,91,8,472,185;221;133;113;189;67;82;359
692,274,418,7,596,14;330;114;270;170;66;225
693,188,176,9,692,86;135;107;355;81;385;31;233;175
694,141,361,10,828,270;127;151;379;83;164;337;2;1;175
695,275,241,11,600,398;364;174;129;14;261;149;231;28;18;106
696,245,237,3,154,171;322;96
697,149,220,5,396,211;168;70;127;178
698,110,265,17,1183,358;127;89;348;231;355;21;364;194;360;154;14;220;388;250;385;344
699,128,315,6,460,108;323;31;315;301;290
700,156,407,13,841,23;388;347;324;237;297;231;116;379;154;75;252;78
701,243,122,8,364,251;230;328;179;298;307;26;378
702,221,433,9,658,396;154;202;326;198;114;158;164;203
703,248,300,13,694,349;86;129;322;352;358;104;244;347;119;317;17;392
704,104,350,8,615,16;123;224;364;205;284;48;10
705,313,374,7,477,301;366;396;216;18;237;328
706,314,477,6,325,81;296;267;62;10;275
707,312,195,3,153,241;111;125
708,211,325,6,311,286;360;184;242;70;65
709,297,278,10,775,315;114;164;151;357;386;218;377;196;194
710,304,15,14,686,168;179;92;104;286;307;201;346;382;67;28;384;233;121
711,227,282,15,1043,75;239;164;281;392;382;365;36;172;296;342;395;265;107;317
712,56,355,6,580,383;99;166;395;159;99
713,113,284,5,335,162;287;5;48;55
714,230,49,9,459,95;81;205;349;5;185;321;50;168
715,277,417,4,286,380;383;273;300
716,238,191,4,247,136;253;294;373
717,281,370,9,621,46;107;107;272;22;28;268;293;32
718,263,221,5,290,367;283;193;205;136
719,93,393,11,662,350;184;375;301;309;97;162;223;100;239;283
720,282,361,13,658,159;388;122;382;78;365;312;334;244;138;278;299;125
721,241,411,14,860,194;384;185;372;224;295;242;238;26;33;218;120;243;278
722,99,263,6,416,79;356;398;184;167;242
723,191,234,8,585,320;64;397;96;125;97;285;15
724,176,106,6,443,367;57;368;107;191;139
725,230,230,9,710,371;299;383;12;332;131;99;244;377
726,111,341,12,829,283;54;205;362;139;398;282;75;187;47;261;113
727,164,348,2,111,162;361
728,196,350,6,462,133;51;214;30;303;74
729,277,447,2,114,223;352
730,339,232,4,187,125;398;257;145
731,164,175,4,247,224;330;278;357
732,159,190,13,958,219;297;205;194;127;161;96;382;243;171;14;63;49
733,144,69,11,798,14;223;278;119;296;79;27;132;2;144;75
734,232,318,10,722,344;107;314;396;348;163;40;41;332;281
735,248,513,12,731,153;66;26;26;42;302;160;26;222;120;120;115
736,202,323,7,506,231;314;359;50;100;388;279
737,201,556,9,653,147;157;125;371;348;130;53;177;301
738,283,288,2,118,15;283
739,175,431,4,266,305;303;17;391
740,163,214,12,745,382;150;227;347;96;139;219;163;280;125;390;181
741,203,410,5,344,129;66;127;112;84
742,257,327,3,130,97;392;296
743,323,333,5,218,364;286;68;359;76
744,108,269,12,994,35;133;260;239;223;130;353;52;238;314;361;167
745,113,428,2,119,394;219
746,316,164,9,865,57;48;315;312;48;382;241;292;312
747,113,373,8,451,71;398;152;224;364;98;242;210
748,260,82,3,189,346;158;399
749,206,269,7,477,257;337;24;348;62;370;270
750,67,180,12,975,272;96;347;377;147;54;178;393;230;395;382;133
751,298,101,5,283,287;397;64;340;230
752,194,151,16,1070,160;87;220;334;10;228;315;163;164;243;141;243;162;341;184;382
753,208,340,13,758,88;198;322;367;157;149;81;102;374;57;221;28;96
754,143,78,5,286,241;172;221;278;242
755,334,491,6,338,360;41;332;50;136;363
756,309,256,3,199,45;269;228
757,203,529,6,405,186;243;289;214;396;283
758,279,360,9,499,216;121;182;143;375;58;181;73;71
759,264,218,10,702,147;312;59;97;96;396;146;166;136;237
760,310,479,1,55,54
761,220,315,3,219,391;350;31
762,127,254,12,896,267;161;373;248;100;114;38;41;114;342;286;107
763,144,275,13,652,23;306;374;346;257;157;348;227;81;114;63;227;230
764,151,130,6,305,372;328;114;62;66;130
765,174,342,8,494,211;214;384;101;99;68;74;247
766,257,346,11,582,369;390;302;72;286;186;386;342;78;216;159
767,258,110,8,585,360;83;127;220;233;229;161;239
768,106,288,2,139,168;322
769,305,267,14,781,127;334;154;35;58;126;18;392;56;337;145;114;241;296
770,167,272,7,329,303;272;96;81;179;270;114
771,74,290,10,718,155;8;233;270;27;362;104;311;297;85
772,230,197,6,348,267;41;214;276;219;245
773,285,223,9,655,94;394;383;355;125;99;153;338;225
774,334,291,7,545,360;332;110;307;370;31;396
775,103,319,1,46,241
776,115,359,1,43,191
777,116,184,15,931,0;365;277;244;225;58;41;372;121;18;265;238;364;62;150
778,229,364,4,324,99;337;121;297
779,295,316,10,629,332;252;153;130;372;58;11;129;209;366
780,274,248,2,108,293;398
781,44,386,11,627,285;163;393;397;370;70;328;42;112;181;344
782,258,222,9,624,344;320;225;375;301;85;237;22;86
783,178,447,6,364,397;232;95;316;16;130
784,114,274,8,401,84;170;149;221;149;305;247;392
785,107,383,6,453,263;305;66;71;353;360
786,249,219,7,463,167;210;283;330;100;142;352
787,133,350,2,104,345;360
788,232,68,3,229,54;127;109
789,230,276,2,129,263;299
790,127,273,3,238,157;274;116
791,249,311,16,1193,334;199;362;377;210;60;251;399;319;386;314;247;164;334;396;18
792,202,216,11,759,391;108;114;159;43;251;396;289;371;31;87
793,156,236,9,495,20;211;197;184;90;192;300;107;205
794,97,304,3,158,12;264;13
795,216,192,4,262,19;83;218;90
796,288,492,3,210,315;45;383
797,238,295,12,825,130;390;149;371;85;66;237;300;379;37;120;282
798,227,306,5,251,129;168;204;270;299
799,388,284,10,670,283;150;312;205;122;315;210;276;123;361
800,136,170,4,129,216;122;35;179
801,238,227,7,308,31;184;338;39;39;197;262
802,186,350,4,140,227;278;96;168
803,217,205,7,416,154;185;312;235;300;7;376
804,214,236,2,145,228;201
805,237,385,15,912,277;221;27;35;211;287;275;360;383;241;315;344;384;157;136
806,235,211,4,283,136;371;129;12
807,14,172,6,485,367;154;292;206;293;61
808,248,214,7,240,71;104;81;80;375;137;149
809,212,351,8,545,133;96;394;136;113;399;348;322
810,228,355,11,656,284;117;214;209;235;133;153;203;368;348;397
811,235,247,4,286,196;186;370;186
812,252,240,5,375,378;99;205;26;29
813,90,281,16,1199,157;228;224;283;335;255;194;395;161;45;130;247;338;346;303;228
814,267,354,8,465,207;273;313;182;261;280;306;114
815,185,570,13,959,160;315;335;159;70;257;172;173;270;28;163;201;282
816,307,110,1,53,289
817,180,320,7,557,347;144;315;308;189;318;107
818,244,442,7,319,296;299;18;197;157;374;268
819,210,125,8,658,303;155;167;384;64;167;338;41
820,172,268,2,147,198;161
821,145,367,7,372,340;386;159;277;147;384;283
822,279,345,3,207,227;238;160
823,218,211,8,708,113;390;132;178;343;154;326;398
824,123,267,10,489,391;335;104;157;261;359;68;126;68;74
825,113,332,4,296,282;272;297;222
826,342,219,13,937,49;399;194;249;51;283;99;301;303;37;184;161;183
827,199,344,9,641,163;189;49;353;238;52;204;108;18
828,252,41,11,815,236;214;49;31;335;129;111;311;273;283;99
829,201,346,1,13,162
830,184,576,11,595,113;256;121;262;52;122;276;303;337;29;76
831,262,229,12,755,384;378;57;384;214;390;35;373;372;70;114;2
832,279,336,10,656,274;388;218;284;365;257;80;81;116;303
833,237,229,8,474,284;56;58;67;73;96;18;267
834,113,259,7,368,227;71;191;246;248;385;350
835,162,458,4,319,147;205;104;347
836,311,411,7,475,95;367;286;41;139;315;296
837,298,116,9,493,237;16;143;196;226;52;136;251;358
838,269,265,2,204,130;32
839,248,335,6,362,373;111;372;88;130;122
840,253,229,2,34,254;364
841,332,301,11,729,194;33;7;399;28;100;381;348;288;210;145
842,283,346,4,355,48;219;66;289
843,269,357,1,54,200
844,227,195,14,848,41;172;13;202;338;28;136;11;276;49;395;28;371;96
845,9,347,3,109,192;28;45
846,307,276,11,777,220;300;287;277;10;270;379;380;296;41;110
847,193,384,13,891,257;253;337;290;99;275;28;337;371;93;54;344;32
848,191,358,8,711,301;48;220;356;100;112;104;362
849,192,342,15,950,362;133;239;216;382;15;61;165;278;382;159;278;97;163;183
850,245,353,10,578,104;45;111;216;364;340;225;172;397;12
851,252,215,9,630,105;185;362;90;203;315;62;337;18
852,136,383,1,49,104
853,204,168,4,269,71;242;97;136
854,185,270,7,401,280;106;125;129;160;191;394
855,118,395,2,63,392;67
856,120,274,5,215,189;342;142;206;211
857,258,359,6,461,261;369;347;129;396;66
858,193,341,6,407,20;293;1;220;7;391
859,104,383,13,957,362;188;99;346;216;158;288;158;278;275;242;14;35
860,130,180,7,492,222;287;110;300;369;154;86
861,199,345,1,45,172
862,177,252,18,1432,196;222;373;88;162;399;124;57;361;256;338;75;201;229;350;243;99;161
863,181,346,11,546,104;136;2;259;226;81;188;11;296;352;375
864,329,236,4,294,244;262;142;32
865,138,253,3,278,273;166;40
866,221,297,7,406,286;177;104;26;39;384;52
867,264,214,8,461,261;210;17;150;116;293;299;34
868,378,340,4,199,201;73;96;1
869,337,225,5,276,278;220;356;109;304
870,160,249,4,170,204;122;168;278
871,175,338,6,372,125;278;338;50;269;12
872,123,407,4,221,247;191;105;15
873,243,211,12,732,272;162;247;343;349;109;107;170;286;16;70;31
874,117,379,13,923,286;72;51;137;302;277;160;242;66;272;168;248;116
875,166,357,8,352,105;394;138;128;375;83;159;166
876,43,60,4,418,370;229;110;127
877,300,427,7,443,4;303;189;116;185;348;2
878,251,243,4,302,396;136;214;8
879,180,318,14,1052,71;210;129;315;238;90;154;350;355;97;169;333;366;338
880,71,305,15,907,224;360;347;122;355;160;306;132;397;26;218;266;189;398;35
881,197,146,5,255,386;291;375;146;63
882,332,52,4,424,348;30;336;370
883,259,130,5,437,287;260;242;210;151
884,303,402,18,970,50;73;302;276;35;375;15;355;168;60;196;319;189;193;168;255;24;19
885,116,380,3,100,233;352;114
886,253,184,15,848,338;218;355;97;26;364;66;390;286;153;360;45;272;71;370
887,132,415,2,139,376;228
888,273,226,3,188,14;233;376
889,272,241,1,36,255
890,130,164,15,952,347;14;238;201;339;310;149;165;253;348;175;303;217;290;289
891,194,401,4,285,241;182;107;41
892,178,136,2,173,85;365
893,314,275,5,318,107;288;252;261;241
894,275,184,4,266,243;337;161;104
895,87,255,2,127,86;133
896,83,365,8,480,188;383;61;204;342;272;267;108
897,152,446,13,825,70;262;290;260;133;163;290;396;150;334;184;103;149
898,379,340,5,300,175;136;81;386;215
899,231,314,16,1162,206;254;261;160;292;267;388;335;31;153;61;66;189;147;237;296
900,267,334,2,144,183;130
901,227,320,8,553,277;274;364;64;86;277;397;198
902,196,391,11,605,111;355;149;153;49;275;162;196;289;191;153
903,168,224,2,147,26;222
904,325,357,7,479,158;117;181;380;242;257;251
905,242,394,9,468,252;71;348;97;186;364;168;284;275
906,176,282,9,526,85;276;52;238;130;342;242;360;375
907,135,353,13,563,21;2;201;238;276;211;344;39;272;159;31;47;215
908,261,562,2,170,175;83
909,196,361,9,535,164;169;370;195;371;6;253;229;272
910,101,374,9,413,197;220;309;346;342;375;158;220;62
911,261,233,5,303,70;371;30;287;138
912,167,261,2,164,56;396
913,240,203,1,45,163
914,312,394,6,420,365;92;114;396;355;32
915,171,305,9,498,39;88;380;219;384;292;297;348;129
916,253,212,3,172,288;196;116
917,283,412,8,455,332;211;129;294;220;392;360;64
918,265,546,8,675,256;375;286;31;75;392;175;2
919,249,195,1,127,110
920,216,455,2,74,227;5
921,206,284,5,241,364;283;251;373;293
922,79,189,9,696,73;189;163;30;176;224;116;276;239
923,164,315,5,366,364;382;239;87;154
924,156,245,12,857,10;308;346;314;286;220;28;123;348;314;107;303
925,221,184,3,174,299;119;361
926,98,165,4,221,399;233;215;32
927,173,454,11,557,276;334;88;392;276;191;326;350;360;227;308
928,116,289,7,485,288;203;336;154;60;251;311
929,315,120,2,171,220;270
930,204,256,4,213,21;63;328;127
931,148,219,7,299,283;23;335;129;184;335;132
932,137,461,8,419,360;195;379;116;383;179;314;247
933,165,83,14,963,41;256;364;289;242;287;377;153;159;116;163;396;336;296
934,235,318,7,619,194;282;197;100;14;346;373
935,227,303,2,64,126;272
936,185,208,5,180,344;200;196;172;62
937,240,407,13,903,154;220;63;382;4;80;99;155;112;130;206;303;262
938,115,371,3,200,327;90;328
939,171,442,1,34,317
940,154,332,8,526,283;167;349;199;158;28;389;175
941,215,109,16,838,114;279;384;287;198;113;182;158;81;300;307;237;396;334;301;52
942,280,379,17,1247,37;346;347;160;172;220;54;332;350;194;142;262;337;257;360;96;205
943,244,228,8,647,100;31;303;66;191;16;195;346
944,259,342,4,152,35;278;117;89
945,310,370,18,1040,114;371;144;283;129;323;242;333;325;53;130;348;149;355;210;303;394;287
946,109,372,7,589,204;16;75;109;289;160;320
947,76,538,6,395,57;184;324;55;306;72
948,260,369,8,403,162;302;63;99;83;372;392;296
949,223,280,11,685,154;164;225;5;168;163;275;125;372;287;141
950,104,400,2,134,51;226
951,112,348,3,140,122;288;272
952,171,250,6,299,247;270;54;81;365;259
953,120,360,3,173,398;129;140
954,110,258,3,188,362;278;39
955,81,368,17,1134,346;221;167;377;104;147;127;63;54;272;328;283;21;160;243;297;321
956,187,309,3,145,394;123;153
957,310,306,12,900,225;390;384;362;27;168;46;320;71;129;216;66
958,245,306,12,859,91;133;14;309;150;76;168;303;300;283;30;211
959,180,235,8,532,107;215;368;276;190;113;15;238
960,285,190,5,292,81;283;73;52;100
961,191,193,5,350,151;270;233;398;181
962,350,256,13,719,145;18;160;345;214;219;195;96;159;5;360;235;184
963,251,367,7,464,208;41;168;31;275;382;85
964,258,392,3,291,107;100;397
965,263,236,18,1202,338;394;386;237;107;322;188;106;278;222;221;142;276;377;83;125;245;370
966,201,333,10,600,262;138;395;92;256;189;64;41;44;259
967,373,304,9,580,306;296;288;301;314;71;85;300;356
968,262,139,3,240,90;246;167
969,236,153,17,1184,303;253;159;352;167;31;216;399;157;380;242;66;157;221;175;73;153
970,295,404,2,119,78;213
971,266,126,4,127,67;253;299;367
972,268,225,5,255,159;15;106;96;208
973,193,152,4,269,150;380;168;81
974,270,245,4,306,225;64;397;120
975,107,381,4,321,111;32;66;335
976,298,328,4,285,205;15;378;379
977,175,215,10,512,80;58;227;278;372;89;68;332;161;157
978,162,336,15,1111,261;362;372;136;19;224;75;286;371;141;204;104;342;356;358
979,248,223,3,207,326;126;221
980,155,381,1,64,382
981,229,112,17,1160,68;297;73;24;216;339;281;332;335;127;86;195;57;342;327;220;347
982,183,94,3,68,189;128;184
983,245,217,10,824,127;165;355;201;395;302;19;297;114;345
984,272,347,7,446,242;203;396;328;216;332;275
985,99,296,17,1079,273;31;157;153;184;233;154;358;88;119;10;272;46;303;301;26;30
986,172,179,14,844,35;66;63;183;235;7;164;324;26;389;57;361;208;74
987,313,179,5,334,181;148;383;27;147
988,256,217,13,985,174;203;209;326;154;388;235;154;122;164;50;66;365
989,109,455,2,84,290;375
990,196,321,5,289,375;98;154;287;104
991,235,142,10,757,58;32;229;127;107;349;397;52;338;121
992,208,252,2,158,285;355
993,184,295,4,190,114;90;398;360
994,340,251,7,292,78;201;35;26;384;208;17
995,290,355,6,469,237;100;8;127;60;300
996,230,227,13,892,289;127;306;145;188;180;132;44;132;237;172;225;189
997,240,256,18,1243,27;83;73;363;142;209;255;396;398;258;228;286;373;346;161;303;216;348
998,268,271,10,726,14;245;136;256;300;262;262;151;36;365
999,187,139,3,193,346;126;161
1000,227,151,6,286,125;139;290;219;22;353
1001,15,100,2,79,25;386
1002,277,376,11,640,23;84;365;169;375;104;217;15;220;164;210
1003,285,276,4,327,277;97;278;99
1004,190,193,5,268,121;399;111;251;311
1005,316,205,16,1035,229;157;270;68;254;190;201;216;164;312;190;199;356;354;153;219
1006,215,215,11,645,201;28;362;100;290;183;211;121;287;379;281
1007,263,213,3,154,230;369;380
1008,229,363,8,504,244;26;130;163;398;138;38;16
1009,295,307,4,199,25;283;115;167
1010,199,236,7,392,394;104;253;224;216;335;41
1011,118,216,4,171,232;149;5;376
1012,243,193,14,1037,270;341;124;371;139;201;154;225;71;43;375;220;327;15
1013,199,83,8,379,370;52;233;86;94;216;297;86
1014,77,253,12,739,166;144;126;235;298;388;208;128;89;363;375;220
1015,337,460,5,390,67;164;110;382;286
1016,333,363,13,800,162;17;241;58;2;353;132;178;159;380;18;283;328
1017,140,121,13,874,125;326;237;286;362;286;348;267;163;159;237;74;70
1018,226,194,5,272,282;92;360;10;342
1019,312,166,7,372,149;171;114;353;257;353;89
1020,308,426,4,395,99;223;99;328
1021,128,245,4,254,168;92;49;183
1022,207,221,1,58,142
1023,105,213,17,1027,49;299;216;10;60;301;97;81;114;114;45;122;8;362;43;214;68
1024,262,220,4,208,64;283;278;376
1025,32,360,9,582,348;21;54;365;58;223;268;49;348
1026,269,242,16,1165,372;206;153;339;36;380;142;168;113;119;326;41;365;160;388;305
1027,69,189,10,595,328;164;220;9;248;113;231;221;121;28
1028,83,88,4,229,369;346;174;28
1029,217,75,18,1384,374;356;229;330;388;231;332;100;285;71;295;84;136;224;287;94;380;373
1030,54,478,10,699,324;59;66;224;54;136;147;392;183;267
1031,42,170,4,251,78;372;399;66
1032,160,339,10,607,392;54;8;288;99;378;382;17;129;398
1033,304,283,10,797,110;221;228;83;362;198;214;8;292;188
1034,136,274,5,225,201;300;52;196;244
1035,220,476,5,385,84;75;240;97;64
1036,207,195,7,502,282;327;26;7;375;261;261
1037,52,244,4,260,353;143;52;168
1038,251,206,9,800,141;159;281;178;155;209;85;151;279
1039,234,285,14,979,179;32;66;38;289;143;3;78;35;133;299;290;66;27
1040,231,352,9,594,66;312;28;375;277;370;104;142;119
1041,143,295,8,489,78;229;126;369;158;133;49;201
1042,240,478,5,283,392;198;142;384;396
1043,267,230,8,713,157;31;46;32;95;30;298;160
1044,269,269,11,681,338;244;142;107;105;153;367;231;231;259;38
1045,217,380,16,1065,247;36;211;243;129;52;107;289;2;49;237;277;378;272;108;71
1046,188,332,3,141,387;81;129
1047,153,464,5,333,375;257;127;300;8
1048,166,251,8,500,185;194;396;52;321;319;276;299
1049,226,348,4,355,127;184;173;140
1050,162,505,5,242,199;71;364;306;163
1051,203,412,5,284,218;276;181;17;93
1052,218,226,17,1250,138;48;242;312;291;160;372;81;225;361;116;251;204;267;347;63;238
1053,123,371,2,98,378;122
1054,131,562,11,772,185;168;320;168;27;161;173;384;59;199;125
1055,233,75,3,121,384;76;290
1056,142,271,9,562,111;261;252;241;321;263;360;290;19
1057,139,197,10,698,397;48;237;185;353;265;285;372;284;165
1058,230,162,6,235,330;376;63;241;372;68
1059,240,259,3,246,173;309;287
1060,247,198,9,688,160;142;290;99;302;249;51;195;128
1061,176,419,10,730,60;154;282;43;58;123;58;141;129;261
1062,261,302,5,367,172;377;304;229;333
1063,270,365,3,200,312;239;233
1064,176,177,7,236,45;76;247;212;215;145;203
1065,60,247,5,231,160;168;50;153;372
1066,204,277,6,395,108;32;104;326;123;278
1067,245,203,4,199,160;125;197;376
1068,285,358,10,609,149;167;115;136;362;210;189;90;111;138
1069,239,226,9,749,362;162;75;111;243;169;107;261;118
1070,289,381,14,873,108;350;8;107;159;41;64;231;392;2;317;26;72;2
1071,238,354,3,206,270;317;51
1072,162,286,1,49,17
1073,203,267,9,404,370;161;179;123;45;252;285;215;53
1074,210,345,16,1114,88;43;161;300;87;2;354;334;213;104;142;105;346;220;378;366
1075,210,255,8,510,113;221;130;92;286;186;72;299
1076,192,329,6,292,367;126;382;236;248;81
1077,220,350,3,238,2;19;236
1078,127,152,11,843,369;183;346;194;35;317;57;370;245;377;175
1079,264,344,12,662,15;195;247;265;392;383;180;218;203;380;372;47
1080,275,397,11,574,136;159;348;278;218;278;397;123;151;278;361
1081,290,342,4,198,282;352;45;71
1082,296,527,2,163,105;107
1083,45,209,7,527,173;116;289;366;245;104;180
1084,155,253,6,405,238;80;35;43;270;189
1085,176,449,7,471,121;186;391;66;111;35;372
1086,282,126,14,956,390;278;252;381;215;138;107;85;252;174;298;30;290;277
1087,199,345,3,169,188;65;376
1088,249,98,1,121,362
1089,283,297,8,441,293;104;60;290;226;111;296;198
1090,178,420,6,270,372;161;29;80;79;369
1091,141,476,4,227,289;339;54;186
1092,246,196,10,683,14;66;257;272;121;382;113;113;265;275
1093,65,400,4,220,241;352;153;32
1094,75,107,19,1084,265;252;57;184;358;113;78;6;127;216;225;121;394;284;90;353;29;257;193
1095,114,331,6,435,332;157;303;83;158;57
1096,26,308,4,277,337;46;220;96
1097,245,127,4,397,216;48;320;161
1098,64,341,2,179,303;263
1099,269,429,7,491,270;252;330;99;28;355;307
1100,288,228,3,147,126;236;350
1101,212,237,11,926,323;315;190;164;157;392;261;362;139;267;37
1102,96,411,10,685,97;362;121;49;66;278;317;276;323;45
1103,198,325,1,92,154
1104,84,307,15,903,14;108;336;355;278;341;196;153;201;159;90;179;392;149;273
1105,103,424,7,466,344;334;282;167;115;132;78
1106,236,475,16,1001,188;41;398;119;210;302;41;301;124;375;221;265;289;312;175;68
1107,169,427,13,955,396;236;151;172;51;362;99;279;372;88;318;284;210
1108,244,220,8,306,184;249;241;283;250;149;145;302
1109,235,351,11,622,396;83;385;372;71;268;346;136;262;278;153
1110,129,260,17,1133,348;265;283;384;327;205;293;7;323;71;139;105;66;174;136;14;345
1111,186,399,11,936,110;99;81;132;350;218;151;283;41;100;282
1112,25,99,8,363,360;374;83;6;349;157;227;383
1113,285,315,15,1042,376;251;364;192;261;375;1;307;323;40;178;100;61;218;292
1114,296,301,10,573,160;252;228;358;105;284;136;180;364;221
1115,225,259,3,232,390;58;10
1116,123,144,2,82,386;158
1117,255,225,6,369,49;265;201;365;201;189
1118,155,298,5,421,105;260;141;164;116
1119,171,168,2,164,166;350
1120,234,291,15,818,47;224;286;51;29;348;344;312;398;149;191;23;214;280;293
1121,291,229,2,138,167;211
1122,128,261,10,599,217;127;253;325;159;398;16;303;106;188
1123,270,333,4,266,274;375;200;332
1124,127,45,4,316,323;46;164;137
1125,212,262,18,969,76;128;208;255;51;364;297;129;377;80;257;190;105;282;96;45;348;255
1126,273,221,14,852,214;232;353;252;218;113;100;216;54;218;90;284;372;301
1127,115,250,9,800,110;331;272;66;372;336;8;181;19
1128,235,166,4,278,219;289;398;326
1129,148,391,18,1222,218;191;165;203;273;355;283;286;158;201;100;38;110;301;45;71;108;120
1130,198,380,5,297,399;71;386;167;312
1131,151,150,10,539,237;345;238;52;238;252;282;16;168;22
1132,225,291,6,319,329;25;299;388;96;221
1133,209,218,4,151,306;191;245;145
1134,198,320,2,80,52;26
1135,117,273,11,610,54;98;228;32;235;283;383;142;123;158;384
1136,209,325,6,421,173;46;239;201;283;68
1137,195,74,9,468,299;181;138;41;284;286;198;394;278
1138,70,258,14,913,242;80;354;179;277;194;28;252;133;257;219;321;87;346
1139,274,232,5,294,360;27;157;41;129
1140,224,135,8,565,178;278;287;396;11;107;238;216
1141,156,376,10,758,323;350;295;87;267;72;192;297;133;157
1142,256,345,8,415,126;370;154;216;369;293;145;60
1143,235,515,5,404,338;133;57;270;153
1144,194,335,5,331,214;105;270;153;367
1145,149,435,8,507,132;8;149;16;287;362;347;183
1146,231,405,4,313,331;58;346;198
1147,100,357,2,150,31;214
1148,190,261,10,805,225;314;243;135;214;182;396;279;41;270
1149,189,256,7,451,303;277;337;361;278;27;203
1150,114,365,7,406,180;329;174;179;344;285;157
1151,251,216,3,222,208;239;286
1152,238,190,7,407,281;261;244;375;104;278;279
1153,236,180,10,688,112;279;242;338;286;371;286;237;124;249
1154,160,64,1,52,349
1155,226,195,13,914,162;96;30;279;371;154;57;104;396;172;271;320;313
1156,80,558,7,389,348;296;306;188;382;78;278
1157,215,343,4,267,229;380;278;286
1158,253,216,13,772,150;299;133;107;341;120;136;328;125;370;92;216;275
1159,241,68,10,708,49;296;175;82;296;383;275;272;27;215
1160,324,379,4,394,100;356;391;238
1161,253,225,4,252,53;289;260;283
1162,249,302,4,308,36;32;272;16
1163,301,416,14,997,188;109;101;349;276;185;153;198;178;104;127;75;398;163
1164,324,213,2,76,359;28
1165,109,336,7,636,282;86;322;331;125;147;225
1166,272,361,12,947,312;49;105;269;142;201;119;103;388;130;74;362
1167,19,395,6,343,296;35;22;81;242;38
1168,177,340,8,539,189;96;57;151;2;286;172;35
1169,135,253,4,268,237;288;399;165
1170,195,431,4,382,117;99;64;373
1171,193,358,8,566,145;396;32;347;31;11;242;365
1172,252,197,10,704,251;5;218;326;133;105;124;114;100;85
1173,378,291,10,526,183;125;284;221;232;172;208;216;61;296
1174,101,379,5,238,375;58;54;154;145
1175,262,208,4,216,54;149;132;189
1176,112,266,3,137,172;129;398
1177,265,286,4,276,28;30;41;316
1178,107,303,5,290,104;382;390;67;201
1179,371,79,6,312,359;184;335;315;246;384
1180,278,360,14,1031,18;163;14;163;18;201;116;399;86;239;260;278;136;97
1181,282,246,6,401,175;399;387;126;198;337
1182,177,287,2,183,76;320
1183,208,416,3,106,106;264;26
1184,155,223,4,265,277;221;235;369
1185,88,366,12,620,262;347;162;63;353;15;283;184;319;95;382;241
1186,187,318,2,195,263;262
1187,161,221,6,313,216;383;189;81;58;130
1188,261,247,11,918,174;97;306;107;64;46;106;315;259;140;49
1189,161,241,10,832,78;153;167;19;45;71;19;130;388;100
1190,258,174,7,340,128;373;125;332;50;212;278
1191,258,255,2,176,154;2
1192,175,348,7,506,273;293;371;205;312;378;16
1193,146,378,5,323,290;338;52;225;376
1194,269,230,3,207,316;154;7
1195,269,231,3,169,192;153;136
1196,204,335,7,469,212;340;57;17;372;316;15
1197,376,370,12,833,99;192;201;97;161;85;63;71;43;290;138;106
1198,96,358,8,610,130;129;97;90;92;66;69;2
1199,233,323,3,154,149;10;287
1200,152,213,13,963,15;100;15;154;320;203;44;348;130;76;247;162;333
1201,231,313,4,238,278;335;322;76
1202,230,125,13,917,297;372;338;83;243;398;398;184;194;99;133;346;30
1203,235,106,3,201,237;259;388
1204,236,198,6,443,146;199;185;86;12;200
1205,138,338,11,799,10;276;10;5;13;90;362;164;118;186;26
1206,193,328,3,154,266;109;113
1207,111,341,3,128,399;28;168
1208,124,327,2,177,195;41
1209,60,215,6,372,210;125;347;289;136;70
1210,196,177,9,632,28;130;26;133;361;135;283;16;66
1211,220,468,5,314,198;219;51;17;285
1212,271,210,10,555,174;160;335;139;346;133;183;289;375;197
1213,153,405,3,155,145;28;326
1214,275,92,6,369,191;370;371;210;198;282
1215,203,198,5,252,153;85;114;210;50
1216,134,424,4,189,276;60;162;382
1217,118,357,9,498,208;116;89;399;267;149;379;133;220
1218,252,228,15,1073,252;175;49;171;376;376;322;47;27;110;214;50;14;392;100
1219,258,245,3,108,47;210;168
1220,108,523,7,467,371;211;189;187;99;180;181
1221,188,168,8,697,12;314;116;19;80;55;209;362
1222,276,232,2,145,392;64
1223,16,461,7,440,206;384;367;290;264;347;49
1224,107,386,9,424,392;353;236;171;334;145;63;284;380
1225,264,246,4,213,221;199;251;126
1226,237,62,5,418,233;278;269;49;75
1227,262,278,9,628,337;66;237;373;152;309;265;154;370
1228,114,258,10,675,29;223;222;350;278;358;324;70;30;61
1229,173,137,2,71,184;41
1230,184,348,5,135,114;245;386;299;253
1231,192,272,9,561,108;57;220;287;325;31;169;142;113
1232,263,453,4,311,127;133;189;97
1233,264,147,4,293,332;88;223;282
1234,185,437,1,49,104
1235,191,257,3,275,97;362;242
1236,224,450,8,364,347;159;149;203;68;372;320;299
1237,294,428,7,376,383;1;145;140;297;363;261
1238,202,233,4,342,265;323;320;391
1239,174,287,14,1017,398;147;278;237;242;290;68;226;32;242;301;107;85;332
1240,217,228,9,709,220;30;284;295;261;306;161;364;350
1241,111,378,6,422,104;161;323;277;114;125
1242,251,229,1,80,285
1243,166,245,11,617,322;296;220;57;63;83;361;21;193;123;290
1244,167,406,8,297,52;392;78;33;58;283;189;215
1245,138,331,8,550,328;48;114;69;114;273;328;164
1246,109,273,8,731,362;283;356;58;361;57;377;302
1247,161,291,14,944,348;364;293;260;200;288;43;384;32;6;214;351;163;360
1248,127,152,5,193,244;62;265;344;185
1249,157,157,4,266,385;258;15;40
